<?xml version="1.0"?>
<doc>
    <assembly>
        <name>Flow.Launcher.Plugin.WhiteWolfWiki</name>
    </assembly>
    <members>
        <member name="T:Flow.Launcher.Plugin.WhiteWolfWiki.WhiteWolfWiki">
            <summary>
            Plugin do Flow Launcher para buscar na White Wolf Wiki.
            </summary>
        </member>
        <member name="M:Flow.Launcher.Plugin.WhiteWolfWiki.WhiteWolfWiki.InitAsync(Flow.Launcher.Plugin.PluginInitContext)">
            <summary>
            Inicializa o plugin (nenhuma inicialização necessária).
            </summary>
            <param name="context">Contexto de inicialização do plugin.</param>
        </member>
        <member name="M:Flow.Launcher.Plugin.WhiteWolfWiki.WhiteWolfWiki.QueryAsync(Flow.Launcher.Plugin.Query,System.Threading.CancellationToken)">
            <summary>
            Realiza a busca na White Wolf Wiki com base na consulta do usuário.
            </summary>
            <param name="query">Consulta do usuário.</param>
            <param name="token">Token de cancelamento.</param>
            <returns>Lista de resultados para o Flow Launcher.</returns>
        </member>
        <member name="M:Flow.Launcher.Plugin.WhiteWolfWiki.WhiteWolfWiki.LoadContextMenus(Flow.Launcher.Plugin.Result)">
            <summary>
            Carrega menus de contexto para um resultado selecionado (não implementado).
            </summary>
            <param name="selectedResult">Resultado selecionado.</param>
            <returns>Lista de menus de contexto.</returns>
        </member>
    </members>
</doc>
